k,time,rounds,rounds_ind,metric
1,9.058968782424927,514.0,1.0,509.5452825957192
1000,17.853429079055786,514.0,1000.0,555.1898625402681
2000,27.09188222885132,514.0,2000.0,555.1963963233321
3000,35.583723068237305,514.0,3000.0,555.1988439176122
4000,43.82069516181946,514.0,4000.0,555.20036895012
5000,53.34744095802307,514.0,5000.0,555.2013545472715
6000,59.80902910232544,514.0,6000.0,555.2019394738205
7000,66.76461625099182,514.0,7000.0,555.2024236914523
8000,75.06060218811035,514.0,8000.0,555.2028373792356
9000,82.28323984146118,514.0,9000.0,555.2031309372057
10000,89.34878778457642,514.0,10000.0,555.2034056971868
11000,93.51968359947205,514.0,11000.0,555.2036172397599
12000,104.34248495101929,514.0,12000.0,555.2037998936448
13000,108.59076809883118,514.0,13000.0,555.2039596472991
14000,116.39616918563843,514.0,14000.0,555.204078672347
15000,121.41196727752686,514.0,15000.0,555.2041119128272
16000,124.29535388946533,514.0,16000.0,555.2041119128272
17000,131.8644380569458,514.0,17000.0,555.2041119128272
18000,134.52280235290527,514.0,18000.0,555.2041119128272
19000,141.66960763931274,514.0,19000.0,555.2041119128272
20000,148.68138933181763,514.0,20000.0,555.2041119128272
