k,time,rounds,rounds_ind,metric
1,9.185020685195923,514.0,1.0,509.5452825957192
1000,18.067577362060547,514.0,1000.0,555.1898625402681
2000,26.426949977874756,514.0,2000.0,555.1963963233321
3000,35.61625576019287,514.0,3000.0,555.1988439176122
4000,43.07716655731201,514.0,4000.0,555.20036895012
5000,52.95785593986511,514.0,5000.0,555.2013545472715
6000,59.369471311569214,514.0,6000.0,555.2019394738205
7000,67.37166619300842,514.0,7000.0,555.2024236914523
8000,77.23212766647339,514.0,8000.0,555.2028373792356
9000,80.85143613815308,514.0,9000.0,555.2031309372057
10000,92.39130330085754,514.0,10000.0,555.2034056971868
11000,95.18236970901489,514.0,11000.0,555.2036172397599
12000,106.16011905670166,514.0,12000.0,555.2037998936448
13000,112.32897067070007,514.0,13000.0,555.2039596472991
14000,118.42113375663757,514.0,14000.0,555.204078672347
15000,121.31514358520508,514.0,15000.0,555.2041119128272
16000,131.2330939769745,514.0,16000.0,555.2041119128272
17000,133.4403955936432,514.0,17000.0,555.2041119128272
18000,142.51800084114075,514.0,18000.0,555.2041119128272
19000,147.23111820220947,514.0,19000.0,555.2041119128272
20000,151.33366560935974,514.0,20000.0,555.2041119128272
