k,time,rounds,rounds_ind,metric
1,8.921547889709473,514.0,1.0,509.5452825957192
1000,17.462318420410156,514.0,1000.0,555.1898625402681
2000,26.35553479194641,514.0,2000.0,555.1963963233321
3000,34.90662717819214,514.0,3000.0,555.1988439176122
4000,43.107932329177856,514.0,4000.0,555.20036895012
5000,52.636160135269165,514.0,5000.0,555.2013545472715
6000,59.12331748008728,514.0,6000.0,555.2019394738205
7000,66.29761290550232,514.0,7000.0,555.2024236914523
8000,74.53812766075134,514.0,8000.0,555.2028373792356
9000,82.80289769172668,514.0,9000.0,555.2031309372057
10000,87.91893529891968,514.0,10000.0,555.2034056971868
11000,94.15852975845337,514.0,11000.0,555.2036172397599
12000,100.69152665138245,514.0,12000.0,555.2037998936448
13000,112.0692822933197,514.0,13000.0,555.2039596472991
14000,119.22945523262024,514.0,14000.0,555.204078672347
15000,120.52127146720886,514.0,15000.0,555.2041119128272
16000,125.7453339099884,514.0,16000.0,555.2041119128272
17000,131.0585117340088,514.0,17000.0,555.2041119128272
18000,142.86047887802124,514.0,18000.0,555.2041119128272
19000,150.25196480751038,514.0,19000.0,555.2041119128272
20000,149.98309564590454,514.0,20000.0,555.2041119128272
